filename,notes,authors,licenses,urls
"body/bodies/muscular/walk.png","see details at https://opengameart.org/content/lpc-character-bases","bluecarrot16, JaidynReiman, Evert, TheraHedwig, MuffinElZangano, Durrani, Sander Frenken (castelonia), Benjamin K. Smith (BenCreating), Eliza Wyatt (ElizaWy), dalonedrau, Stephen Challener (Redshrike)","CC-BY-SA 3.0, GPL 3.0","https://opengameart.org/content/liberated-pixel-cup-lpc-base-assets-sprites-map-tiles, https://opengameart.org/content/lpc-barbarian-sprite-base, https://opengameart.org/content/lpc-muscular-swing-animation, https://opengameart.org/content/lpc-muscular-hurt-animation, https://opengameart.org/content/lpc-jump-expanded, https://opengameart.org/content/lpc-revised-character-basics, https://opengameart.org/content/lpc-be-seated, https://opengameart.org/content/lpc-jump-expanded, https://opengameart.org/content/lpc-character-bases, https://opengameart.org/content/lpc-male-jumping-animation-by-durrani"
"head/heads/human/male/walk.png","original head by Redshrike, tweaks by BenCreating, modular version by bluecarrot16","bluecarrot16, Benjamin K. Smith (BenCreating), Stephen Challener (Redshrike)","OGA-BY 3.0, CC-BY-SA 3.0, GPL 3.0","https://opengameart.org/content/liberated-pixel-cup-lpc-base-assets-sprites-map-tiles, https://opengameart.org/content/lpc-character-bases"
"head/faces/male/neutral/walk.png","Original by Redshrike, Expressions by ElizaWy, mapped to all frames by JaidynReiman","JaidynReiman, ElizaWy, Stephen Challener (Redshrike)","OGA-BY 3.0","https://github.com/ElizaWy/LPC/tree/main/Characters/Head, https://opengameart.org/content/ulpc-expanded-expressions"
"body/wound/arm/walk.png","","Benjamin K. Smith (BenCreating), Sander Frenken (castelonia)","CC-BY-SA 3.0, GPL 3.0","https://opengameart.org/content/lpc-zombie"
"shadow/adult/walk.png","Original by Dr. Jamgo, jump/sit/emote/run/revised combat by JaidynReiman","drjamgo@hotmail.com, JaidynReiman","CC0","https://opengameart.org/content/shadow-for-lpc-sprite"
"weapon/magic/gnarled/universal/foreground/walk/red.png","","bluecarrot16","OGA-BY 3.0+, GPL 3.0, CC-BY 4.0","https://opengameart.org/content/lpc-more-weapons"
"torso/waist/obi/male/walk/black.png","","JaidynReiman","OGA-BY 3.0+, CC-BY 3.0+, GPL 3.0","https://opengameart.org/content/lpc-kimono-relm"
"shield/spartan/bg/walk/spartan.png","","bluecarrot16, Sander Frenken (castelonia)","OGA-BY 3.0","https://opengameart.org/content/lpc-shields"
"weapon/magic/crystal/universal/foreground/walk/orange.png","","bluecarrot16","OGA-BY 3.0+, GPL 3.0, CC-BY 4.0","https://opengameart.org/content/lpc-more-weapons"
